[
  {
    "id": 1,
    "title": "결백",
    "imgUrl": "https://learn-codeit-kr-static.s3.ap-northeast-2.amazonaws.com/react-02/film-reviews/5f2ad6df-2660-4b41-ad8b-df218a404346.jpg",
    "rating": 2,
    "content": "유명 로펌의 에이스 변호사 ‘정인(신혜선)’은 아빠의 장례식장에서 농약 막걸리 살인사건이 일어났음을 알게 된다. 치매에 걸린 엄마 ‘화자(배종옥)’가 용의자로 지목되고, 그녀의 결백을 주장하기 위해 고향으로 내려가 직접 변호를 맡는다. 사건을 추적하던 중 시장 ‘추인회(허준호)’를 중심으로 한 마을 사람들의 조직적 은폐와 거짓 진술 등 수상한 정황을 포착한 ‘정인’. 그날의 기억을 모두 잃은 ‘화자’의 결백을 입증하기 위해 모든 사람들과 맞서기 시작하는데…! 파헤칠수록 커지는 의혹, 과연 진실은 무엇인가?",
    "createdAt": 1591714800000,
    "updatedAt": 1591714800000
  },
  {
    "id": 2,
    "title": "사라진 시간",
    "imgUrl": "https://learn-codeit-kr-static.s3.ap-northeast-2.amazonaws.com/react-02/film-reviews/6793de89-46d8-4147-8e80-015411e19246.jpg",
    "rating": 3,
    "content": "한적한 소도시의 시골마을, 남들에게 숨기고 싶은 비밀을 지닌 채 지방 근무를 자청한 교사 부부에게 예기치 않은 불행이 닥치고,  사건 수사를 담당하게 된 형구는 마을 사람들의 수상한 낌새를 눈치채고 단서를 추적한다.  사건해결에 자신만만하던 형구는 수사과정에서 하루 아침에 자신의 삶이 송두리째 뒤바뀌는 충격적인 상황에 빠지게 된다.  집도, 가족도, 직업도 내가 알던 모든 것이 사라졌다. 과연 그는 자신의 삶을 되찾을 수 있을 것인가.",
    "createdAt": 1592406000000,
    "updatedAt": 1592406000000
  },
  {
    "id": 3,
    "title": "침입자",
    "imgUrl": "https://learn-codeit-kr-static.s3.ap-northeast-2.amazonaws.com/react-02/film-reviews/32f0970f-baa2-478a-9938-db4a1ab3a167.jpg",
    "rating": 3,
    "content": "얼마 전 사고로 아내를 잃고 실의에 빠져 있는 건축가 ‘서진’에게 25년 전 실종된 동생을 찾았다는 연락이 온다 처음 본 자신을 친근하게 “오빠”라고 부르는 ‘유진’이 어딘가 불편한 ‘서진’과 달리 가족들은 금세 그녀를 받아들인다 그런데 ‘유진’이 돌아온 후 가족들에게 이상한 일들이 벌어지기 시작하고, 이를 의심스럽게 여긴 ‘서진’은 동생의 비밀을 쫓다 자신의 일상을 송두리째 뒤흔든 사건에 그녀가 연관되어 있음을 알게 되는데...  추적 끝에 드러나는 충격적인 진실!",
    "createdAt": 1591196400000,
    "updatedAt": 1591196400000
  },
  {
    "id": 4,
    "title": "반도",
    "imgUrl": "https://learn-codeit-kr-static.s3.ap-northeast-2.amazonaws.com/react-02/film-reviews/300c4285-b0e2-42dc-a658-9416bb5bf3e9.jpg",
    "rating": 3,
    "content": "[전대미문의 재난 그 후 4년 폐허의 땅으로 다시 들어간다!] 4년 전, 나라 전체를 휩쓸어버린 전대미문의 재난에서 가까스로 탈출했던 ‘정석’(강동원). 바깥세상으로부터 철저히 고립된 반도에 다시 들어가야 하는 피할 수 없는 제안을 받는다.    제한 시간 내에 지정된 트럭을 확보해 반도를 빠져 나와야 하는 미션을 수행하던 중 인간성을 상실한 631부대와 4년 전보다 더욱 거세진 대규모 좀비 무리가 정석 일행을 습격한다.    절체절명의 순간, 폐허가 된 땅에서 살아남은 ‘민정’(이정현) 가족의 도움으로 위기를 가까스로 모면하고 이들과 함께 반도를 탈출할 수 있는 마지막 기회를 잡기로 한다.    되돌아온 자, 살아남은 자 그리고 미쳐버린 자 필사의 사투가 시작된다!",
    "createdAt": 1594738800000,
    "updatedAt": 1594738800000
  },
  {
    "id": 5,
    "title": "#살아있다",
    "imgUrl": "https://learn-codeit-kr-static.s3.ap-northeast-2.amazonaws.com/react-02/film-reviews/47ffccf5-c9f3-40b7-9c54-9ad4dabee1c4.jpg",
    "rating": 2,
    "content": "원인불명 증세의 사람들의 공격에 통제 불능에 빠진 도시. 영문도 모른 채 잠에서 깬 ‘준우’(유아인)는 아무도 없는 집에 혼자 고립된 것을 알게 된다. 데이터, 와이파이, 문자, 전화 모든 것이 끊긴 채 고립된 상황. 연락이 두절된 가족에 이어 최소한의 식량마저 바닥이 나자 더 이상 버티기 힘들어진 ‘준우’. 하지만 그 순간 건너편 아파트에서 누군가 시그널을 보내온다. 또 다른 생존자 ‘유빈’(박신혜)이 아직 살아있음을 알게 된 ‘준우’는 함께 살아남기 위한 방법을 찾아 나서는데...! 꼭 살아남아야 한다",
    "createdAt": 1592924400000,
    "updatedAt": 1592924400000
  },
  {
    "id": 6,
    "title": "온워드: 단 하루의 기적",
    "imgUrl": "https://learn-codeit-kr-static.s3.ap-northeast-2.amazonaws.com/react-02/film-reviews/67d4da53-39f5-4f8f-aeed-944a0037eea5.jpg",
    "rating": 3,
    "content": "마법이 사라진 세상에 살고 있는 취향과 성격 모두 정반대의 두 형제인 철든 동생 ‘이안’(톰 홀랜드)과 의욕충만 형 ‘발리’(크리스 프랫). ‘이안’은 태어나서 얼굴도 본 적 없는 아빠를 그리워하던 중, 서프라이즈 생일 선물로 아빠의 마법 지팡이를 받게 된다. 그러나 실수로, 아빠의 반쪽만 소환시키는 위기가 발생하는데!!  주어진 시간은 단 하루, 두 형제는 완벽한 모습의 아빠를 찾기 위해 모험을 떠나고 마법으로 절벽을 건너고, 까마귀 봉우리의 힌트를 따라 관문을 통과하지만 서로 다른 성격으로 인해, 사사건건 부딪히게 되고, 위험이 발생하는데… 과연 이들은 무사히 기적을 이룰 수 있을까?  기적을 향한 출발, 지금 당신을 만나러 갑니다.",
    "createdAt": 1592319600000,
    "updatedAt": 1592319600000
  },
  {
    "id": 7,
    "title": "에어로너츠",
    "imgUrl": "https://learn-codeit-kr-static.s3.ap-northeast-2.amazonaws.com/react-02/film-reviews/54cd3011-8d11-4ed7-9de3-6fa6f8f1ecf4.jpg",
    "rating": 3,
    "content": "19세기 런던, 예측불허의 하늘을 이해하고 싶은 기상학자 '제임스'와 가장 높은 하늘을 만나고 싶은 열기구 조종사 '어밀리아'. 날씨를 최초로 예측하고 하늘의 최고 높이에 다다르기 위해 팀을 이룬 그들은 열기구 '매머드'를 타고 일생일대의 모험을 시작하게 되는데....",
    "createdAt": 1591714800000,
    "updatedAt": 1591714800000
  },
  {
    "id": 8,
    "title": "야구소녀",
    "imgUrl": "https://learn-codeit-kr-static.s3.ap-northeast-2.amazonaws.com/react-02/film-reviews/5e78a786-2287-44da-8312-14aba63ec4c0.jpg",
    "rating": 3,
    "content": "고교 야구팀의 유일한 여자이자 최고구속 134km, 볼 회전력의 강점으로 ‘천재 야구소녀’라는 별명을 얻으며 주목받았던 야구선수 ‘주수인’(이주영). 고교 졸업 후 오로지 프로팀에 입단해 계속해서 야구를 하는 것이 꿈이지만 여자라는 이유로 제대로 된 평가도 기회도 잡지 못한다. 엄마, 친구, 감독까지 모두가 꿈을 포기하라고 할 때, 야구부에 새로운 코치 ‘진태’(이준혁)가 부임하고 수인에게도 큰 변화가 찾아오는데… “전 해보지도 않고 포기 안 해요” 꿈을 향해 던지는 단 하나의 스트라이크 주수인 파이팅!",
    "createdAt": 1592406000000,
    "updatedAt": 1592406000000
  },
  {
    "id": 9,
    "title": "나의 첫 번째 슈퍼스타",
    "imgUrl": "https://learn-codeit-kr-static.s3.ap-northeast-2.amazonaws.com/react-02/film-reviews/929345a0-0d17-4263-a81a-469a8010017e.jpg",
    "rating": 3,
    "content": "슈퍼스타 ‘그레이스’(트레시 엘리스 로스)의 3년째 막내 매니저인 ‘매기’(다코타 존슨). 음악 프로듀서가 되기 위해 낮에는 매니저, 밤에는 음악 작업을 하며 열정을 불태우지만 늘 기회를 잡지 못한다. 10년 전 히트곡 하나로 버티는 세계적인 스타 ‘그레이스’는 매일 반복되는 공연에서 벗어나 새로운 앨범 발매를 꿈꾸지만 주변의 반대와 두려움에 부딪히는데… 완벽히 다른 그들의 인생곡을 향한 새로운 도전이 시작된다!",
    "createdAt": 1591714800000,
    "updatedAt": 1591714800000
  },
  {
    "id": 10,
    "title": "위대한 쇼맨",
    "imgUrl": "https://learn-codeit-kr-static.s3.ap-northeast-2.amazonaws.com/react-02/film-reviews/f5f3e629-632b-4e2b-8835-e7d50b5606e4.jpg",
    "rating": 3,
    "content": "쇼 비즈니스의 창시자이자, 꿈의 무대로 전세계를 매료시킨 남자 ‘바넘’의 이야기에서 영감을 받아 탄생한 오리지널 뮤지컬 영화 <위대한 쇼맨>. <레미제라블> 이후 다시 뮤지컬 영화로 돌아온 휴 잭맨부터 잭 에프론, 미셸 윌리엄스, 레베카 퍼거슨, 젠다야까지 할리우드 최고의 배우들이 합류해 환상적인 앙상블을 선보인다. 여기에 <미녀와 야수> 제작진과 <라라랜드> 작사팀의 합류로 더욱 풍성해진 비주얼과 스토리, 음악까지 선보일 <위대한 쇼맨>은 ‘우리는 누구나 특별하다’는 메시지로 관객들에게 재미는 물론, 감동까지 선사할 것이다. THIS IS ME! 우리는 누구나 특별하다!",
    "createdAt": 1589986800000,
    "updatedAt": 1589986800000
  },
  {
    "id": 11,
    "title": "콜 미 바이 유어 네임",
    "imgUrl": "https://learn-codeit-kr-static.s3.ap-northeast-2.amazonaws.com/react-02/film-reviews/ac1822d4-7f97-4bd3-b95c-d675648dfd5c.jpg",
    "rating": 3,
    "content": "1983년 이탈리아, 열 일곱 소년 Elio(티모시 샬라메)는 아름다운 햇살이 내리쬐는 가족 별장에서 여름이 끝나기만을 기다리고 있다   어느 오후, 스물 넷 청년 Oliver(아미 해머)가  아버지(마이클 스털버그)의 보조 연구원으로 찾아오면서 모든 날들이 특별해지는데...   Elio의 처음이자 Oliver의 전부가 된  그 해, 여름보다 뜨거웠던 사랑이 펼쳐진다",
    "createdAt": 1591801200000,
    "updatedAt": 1591801200000
  },
  {
    "id": 12,
    "title": "강철비2: 정상회담",
    "imgUrl": "https://learn-codeit-kr-static.s3.ap-northeast-2.amazonaws.com/react-02/film-reviews/84dbe34d-a398-494a-a49d-244a09a01712.jpg",
    "rating": 3,
    "content": "북미 평화협정 체결을 위한 대한민국 대통령(정우성), 북한의 최고지도자인 위원장(유연석)과 미국 대통령(앵거스 맥페이든)간의 남북미 정상회담이 북한 원산에서 열린다. 북미 사이 좀처럼 이견이 좁혀지지 않는 가운데, 핵무기 포기와 평화체제 수립에 반발하는 북 호위총국장(곽도원)의 쿠데타가 발생하고, 납치된 세 정상은 북한 핵잠수함에 인질로 갇힌다. 그리고, 좁디 좁은 함장실 안, 예기치 못한 진정한 정상회담이 벌어지게 되는데… 동북아시아의 운명이 핵잠수함에 갇혔다! 과연, 남북미 세 지도자는 전쟁 위기를 막을 수 있을 것인가?",
    "createdAt": 1595948400000,
    "updatedAt": 1595948400000
  },
  {
    "id": 13,
    "title": "초미의 관심사",
    "imgUrl": "https://learn-codeit-kr-static.s3.ap-northeast-2.amazonaws.com/react-02/film-reviews/a8b657ce-2c95-48ba-84d8-b0ab6665ff95.jpg",
    "rating": 3,
    "content": "가수 ‘블루로 활동하며 주가를 올리고 있는 ‘순덕’(김은영). 어느 날 성격 차이로 별거(?) 중이었던 엄마(조민수)가 들이닥쳐 엄청난 소식을 전한다. 막내가 엄마의 가겟세와 ‘순덕’의 비상금을 들고 튀었다는 것! 괘씸한 막내를 쫓기 위해 두 사람은 단 하루, 손을 잡기로 합의하고 도시를 누비기 시작한다. 그러나 극과 극의 성격을 가진 두 사람은 사사건건 부딪히기 시작하고, 추적 끝에 밝혀지는 막내의 비밀은 수상하기 짝이 없는데...  “가족은 다 같아야 하니?!” 달라도 너무 다른 극과 극 모녀의 예측불허 추격전이 시작된다!",
    "createdAt": 1590505200000,
    "updatedAt": 1590505200000
  },
  {
    "id": 14,
    "title": "언더워터",
    "imgUrl": "https://learn-codeit-kr-static.s3.ap-northeast-2.amazonaws.com/react-02/film-reviews/3f5c165e-4cbf-46bf-94d6-d551b5700637.jpg",
    "rating": 2,
    "content": "30일 동안 해저 시추 시설에서 엄청난 압력을 견디며 바다의 밑바닥을 뚫어야 하는 캐플러 기지의 대원들. 어느 날, 큰 지진으로 콘크리트 구조물을 뚫고 급류가 들이 닥쳐 기지는 순식간에 파괴되고 대혼란이 일어난다. 갑작스런 대재앙 속에서 가까스로 살아남은 대원들은 전기 엔지니어 노라를 비롯한 5명. 이들이 시도해 볼 수 있는 유일한 방법은 또 다른 해저 기지 ‘로우벅’으로 이동해 탈출 포트를 찾는 것 뿐.  하지만 어두운 심해엔 그들만이 존재하는 것이 아니었다. 무언가 그들을 바짝 따라오고 있다. 불가사의한 포식자와 쫓고 쫓기는 위험천만한 게임에 갇혀버린 대원들. 살아남기 위해선 남은 용기를 전부 쥐어 짜내야만 한다..  살고 싶다면 모든 감각을 깨워라!",
    "createdAt": 1590505200000,
    "updatedAt": 1590505200000
  },
  {
    "id": 15,
    "title": "열혈형사",
    "imgUrl": "https://learn-codeit-kr-static.s3.ap-northeast-2.amazonaws.com/react-02/film-reviews/e4c16078-8e1e-4cb2-8858-cc36c12a671a.jpg",
    "rating": 0,
    "content": "경찰서 내에서 허세는 가장 세고 이론보다 구강 수사 하기 바쁜 날라리 형사 ‘동민’ 편안하게 출세하나 싶은 순간, 수사과에 발령 난다.   발령 난 것도 서러운데, 오로지 직진만 하는 FM 형사 ‘몽허’(얀츠카)와  모델 실종 사건의 공조 수사를 맡게 된다.  수사가 진전될수록 단순한 실종이 아님을 직감한 ‘동민’은 오랜만에 형사의 본능을 깨우는데…  이보다 환상적일 수 없다! 코믹뺨타격 날릴 콤비 수사가 시작된다!",
    "createdAt": 1592406000000,
    "updatedAt": 1592406000000
  },
  {
    "id": 16,
    "title": "프리즌 이스케이프",
    "imgUrl": "https://learn-codeit-kr-static.s3.ap-northeast-2.amazonaws.com/react-02/film-reviews/07b63ced-ed51-4c17-bcbb-1ec04ab648f0.jpg",
    "rating": 3,
    "content": "인권운동가 ‘팀’과 ‘스티븐’은 억울한 판결로 투옥된다. 둘은 불의에 굴복하지 않고 탈출을 결심한다. 나가기 위해 열어야 할 강철 문은 15개! 그들은 나뭇조각으로 열쇠를 만들기 시작하고, 지금껏 아무도 성공한 적 없는 0%의 확률 속에서 목숨을 건 단 한 번의 기회를 노리는데…",
    "createdAt": 1588690800000,
    "updatedAt": 1588690800000
  },
  {
    "id": 17,
    "title": "너는 달밤에 빛나고",
    "imgUrl": "https://learn-codeit-kr-static.s3.ap-northeast-2.amazonaws.com/react-02/film-reviews/b8a11e11-7c47-47c2-87e5-2aa43f35b080.jpg",
    "rating": 2,
    "content": "생이 끝나 갈수록 몸에서 빛이 나는 발광병으로 시간이 얼마 남지 않은 소녀, ‘마미즈’ 가족이 떠난 슬픔으로 시간이 멈추어 버린 소년, ‘타쿠야’  푸르고 푸른 시절, 한 장의 롤링 페이퍼로 만나 서로에게 빛이 된 소년소녀의 처음 그리고 마지막 봄날 이야기",
    "createdAt": 1591714800000,
    "updatedAt": 1591714800000
  },
  {
    "id": 18,
    "title": "침묵",
    "imgUrl": "https://learn-codeit-kr-static.s3.ap-northeast-2.amazonaws.com/react-02/film-reviews/13867d14-f155-4a34-b5ec-643bc18664eb.jpg",
    "rating": 3,
    "content": "재력과 사랑, 세상을 다 가진 남자 ‘임태산’(최민식) 모든 것이 완벽히 행복하다 믿었던 그 날 약혼녀이자 유명 가수인 ‘유나’(이하늬)가 살해 당하고, 용의자로 딸 ‘임미라’(이수경)가 지목된다.  세간의 이목이 집중된 사건 임태산은 그날의 일을 기억하지 못하는 딸을 무죄로 만들기 위해  자신만의 방식으로 사건을 쫓기 시작한다.  그리고 최고의 변호인단을 마다한 채, 미라의 무죄를 믿고 보듬어줄 젊은 변호사 ‘최희정’(박신혜)을 선임한다.  미라가 기억하지 못하는 시간을 둘러싼 치열한 법정 공방 하지만 사라진 그날의 CCTV 영상을 갖고 있는  유나의 팬 ‘김동명’(류준열)의 존재가 드러나며  사건은 예상치 못한 방향으로 흘러가는데...  살해된 약혼녀 용의자가 된 딸 가장 완벽한 날, 모든 것을 잃었다",
    "createdAt": 1509548400000,
    "updatedAt": 1509548400000
  },
  {
    "id": 19,
    "title": "미성년",
    "imgUrl": "https://learn-codeit-kr-static.s3.ap-northeast-2.amazonaws.com/react-02/film-reviews/efb77910-da14-4533-9558-412589c844ef.jpg",
    "rating": 3,
    "content": "같은 학교 2학년 주리(김혜준)와 윤아(박세진)가 학교 옥상에서 만났다. 최근 주리의 아빠 대원(김윤석)과 윤아의 엄마 미희(김소진) 사이에 벌어진 일을 알게 된 두 사람. 이 상황이 커지는 것을 막고 싶은 주리는 어떻게든 엄마 영주(염정아) 몰래 수습해보려 하지만 윤아는 어른들 일에는 관심 없다며 엮이지 않으려 한다.  그 때, 떨어진 주리의 핸드폰을 뺏어든 윤아는 영주의 전화를 받아  그 동안 감춰왔던 엄청난 비밀을 폭로해 버리고, 이를 본 주리는 멘붕에 빠지게 되는데…   폭풍 같은 사건을 마주한 두 가족의 이야기가 시작된다.",
    "createdAt": 1554908400000,
    "updatedAt": 1554908400000
  },
  {
    "id": 20,
    "title": "아이 캔 온리 이매진",
    "imgUrl": "https://learn-codeit-kr-static.s3.ap-northeast-2.amazonaws.com/react-02/film-reviews/22817e86-d3fc-480c-abdf-05d9cebdee25.jpg",
    "rating": 2,
    "content": "음악과 잡동사니를 좋아하는 소년 ‘바트’. 그는 언제나 희망찬 미래를 꿈꾼다. “넌 한참 모자라, 꿈은 돈이 안돼” 하지만, 아버지의 폭력과 불행을 참지 못해 떠난 엄마. 지옥 같았던 유년 시절을 벗어나 밴드 머시미(Mercy Me)로 홀로 서보지만 어린 시절의 트라우마는 계속해서 그를 괴롭히는데…  “이제 용서하려 합니다” 더 이상 도망치지 않기 위해 용기 내 아버지를 마주하는 ‘바트’.  과연, 상처 받은 아이의 음악은 어떻게 세상을 울릴 수 있을까?",
    "createdAt": 1592406000000,
    "updatedAt": 1592406000000
  },
  {
    "id": 21,
    "title": "와일드 시티",
    "imgUrl": "https://learn-codeit-kr-static.s3.ap-northeast-2.amazonaws.com/react-02/film-reviews/976381fb-7e51-498d-bb6b-7e1d9c1c20f3.jpg",
    "rating": 2,
    "content": "무장강도죄로 9년 복역한 ‘리암’은 출소 후 새로운 삶을 살기로 결심한다. 하지만 불법 자금 세탁원으로 일하는 동생 ‘숀’과 오랜 소꿉친구 ‘바이포드’가 범상치 않은 일에 휘말리게 되고 경찰과 거대 조직의 추격 속, 가족을 지키기 위해 사건을 파헤치기 시작하는데…  절대 그 누구도 믿어서는 안된다!",
    "createdAt": 1592319600000,
    "updatedAt": 1592319600000
  },
  {
    "id": 22,
    "title": "다만 악에서 구하소서",
    "imgUrl": "https://learn-codeit-kr-static.s3.ap-northeast-2.amazonaws.com/react-02/film-reviews/ade0b093-663d-49c6-b930-d90dc399858b.jpg",
    "rating": 3,
    "content": "태국에서 충격적인 납치사건이 발생하고 마지막 청부살인 미션을 끝낸 암살자 인남(황정민)은 그것이 자신과 관계된 것임을 알게 된다. 인남은 곧바로 태국으로 향하고, 조력자 유이(박정민)를 만나 사건을 쫓기 시작한다. 한편, 자신의 형제가 인남에게 암살당한 것을 알게 된 레이(이정재).  무자비한 복수를 계획한 레이는 인남을 추격하기 위해 태국으로 향하는데...  처절한 암살자 VS 무자비한 추격자 멈출 수 없는 두 남자의 지독한 추격이 시작된다!",
    "createdAt": 1596553200000,
    "updatedAt": 1596553200000
  },
  {
    "id": 23,
    "title": "1987",
    "imgUrl": "https://learn-codeit-kr-static.s3.ap-northeast-2.amazonaws.com/react-02/film-reviews/e36700ef-9c7b-438c-9d31-bda67c76f874.jpg",
    "rating": 4,
    "content": "1987년 1월, 경찰 조사를 받던 스물두 살 대학생이 사망한다. 증거인멸을 위해 박처장(김윤석)의 주도 하에 경찰은 시신 화장을 요청하지만, 사망 당일 당직이었던 최검사(하정우)는 이를 거부하고 부검을 밀어붙인다. 단순 쇼크사인 것처럼 거짓 발표를 이어가는 경찰.  그러나 현장에 남은 흔적들과 부검 소견은 고문에 의한 사망을 가리키고,  사건을 취재하던 윤기자(이희준)는 ‘물고문 도중 질식사’를 보도한다.  이에 박처장은 조반장(박희순)등 형사 둘만 구속시키며 사건을 축소하려 한다. 한편, 교도소에 수감된 조반장을 통해 사건의 진상을 알게 된 교도관 한병용(유해진)은  이 사실을 수배 중인 재야인사에게 전달하기 위해 조카인 연희(김태리)에게 위험한 부탁을 하게 되는데…  한 사람이 죽고, 모든 것이 변화하기 시작했다. 모두가 뜨거웠던 1987년의 이야기.",
    "createdAt": 1514300400000,
    "updatedAt": 1514300400000
  },
  {
    "id": 24,
    "title": "장산범",
    "imgUrl": "https://learn-codeit-kr-static.s3.ap-northeast-2.amazonaws.com/react-02/film-reviews/287d58e8-0785-46f7-b266-01a216e52eaf.jpg",
    "rating": 2,
    "content": "도시를 떠나 장산으로 이사 온 희연(염정아)은 무언가에 겁을 먹고 혼자 숲 속에 숨어있는 여자애(신린아)를 만난다. 희연은 소녀를 집으로 데려오지만, 남편(박혁권)은 딸 준희의 목소리를 흉내 내는 이 소녀를 수상하게 여긴다. 소녀가 찾아온 뒤 하나 둘씩 실종되는 사람들 사라진 시어머니(허진)와 남편… 그리고 들려오는 ‘그것’의 목소리 누군가 우리 가족의 목소리를 흉내 내고 있다!",
    "createdAt": 1502895600000,
    "updatedAt": 1502895600000
  },
  {
    "id": 25,
    "title": "그레텔과 헨젤",
    "imgUrl": "https://learn-codeit-kr-static.s3.ap-northeast-2.amazonaws.com/react-02/film-reviews/0a47db02-e401-4b6d-9151-9395e83707e3.jpg",
    "rating": 2,
    "content": "옛날 어느 먼 옛날, 그레텔과 헨젤은 먹을 것과 일감을 찾기 위해 집을 떠나지만 길을 잃고 만다. 그들은 허기짐에 먹을 것이 풍성하게 차려진 한 오두막에 이끌려 집으로 들어가게 되고, 그 곳에서 집 주인 ‘홀다’를 만난다. 그녀의 배려로 두 남매는 풍족한 음식과 따뜻한 잠자리를 제공받으며 점점 안정을 되찾는다. 하지만 매일 밤 반복되는 악몽, 매끼 차려지는 성대한 식사, 벽 너머 발견된 의문의 문고리 등   오두막에서 일어나는 기묘하고 섬뜩한 징조들은 두 남매를 계속해서 어둠 속으로 몰아넣는데…",
    "createdAt": 1594134000000,
    "updatedAt": 1594134000000
  },
  {
    "id": 26,
    "title": "카페 벨에포크",
    "imgUrl": "https://learn-codeit-kr-static.s3.ap-northeast-2.amazonaws.com/react-02/film-reviews/3bd6973a-19f8-40f0-bfd1-661248fc8e51.jpg",
    "rating": 3,
    "content": "행복했던 그때 그 모든 것이 그리워진 ‘빅토르’는 100% 고객 맞춤형 핸드메이드 시간여행의 설계자 ‘앙투안’의 초대로 하룻밤의 시간여행을 떠난다 그의 눈 앞에 마법처럼 펼쳐진 ‘카페 벨에포크’에서 ‘빅토르’는 꿈에 그리던 첫사랑과 재회하게 되는데...",
    "createdAt": 1589900400000,
    "updatedAt": 1589900400000
  },
  {
    "id": 27,
    "title": "1945: 포인트 오브 노 리턴",
    "imgUrl": "https://learn-codeit-kr-static.s3.ap-northeast-2.amazonaws.com/react-02/film-reviews/929bd677-d77d-4aa1-b663-4e2740520121.jpg",
    "rating": 2,
    "content": "러시아군과 대치 중 전열에서 낙오된 ‘브랜트’중위의 부대는 다시 아군에 합류하기 위한 과정에서 러시아 의무병들을 생포하게 된다. 적과의 불편한 동행을 하게 되면서 부하들은 점점 불만이 쌓여가게 되고, 사로잡힌 러시아 의무병들 역시 탈출을 위해 호시탐탐 기회를 노리는데…",
    "createdAt": 1592924400000,
    "updatedAt": 1592924400000
  },
  {
    "id": 28,
    "title": "홀리데이",
    "imgUrl": "https://learn-codeit-kr-static.s3.ap-northeast-2.amazonaws.com/react-02/film-reviews/84160fe5-7857-4e56-925d-aafc98b9d181.jpg",
    "rating": 2,
    "content": "1988년 10월... 올림픽이라는 세계적인 행사를 끝마치고 세계 4위라는 감흥에서 빠져 나오지 못했던 그 때... 징역 7년, 보호감호 10년형을 받아 복역중인 지강혁과 죄수들이 호송차를 전복 탈출하는 세상을 깜짝 놀라게 하는 사건이 발생한다. 권총 1정과 실탄을 빼앗아 무장탈주에 성공한 강혁과 일당들은 원정강도와 가정집을 돌며 인질극을 벌이는 등 서울을 공포의 도가니로 몰아넣는다. 하지만 인질로 잡힌 사람들은 매스컴에서 말하는 흉악범이라는 이야기와 달리 인간적이고 예의바른 강혁 일당에게 연민의 정을 느끼게 된다.  그렇게 탈주 9일째 되던 날, 북가좌동의 가정집에 숨어있던 강혁 일당은 자신들을 끈질기게 쫓던 경찰관 안석에게 발각되고 경찰과 최후의 대치극을 펼치게 된다. 강혁의 마지막 소원인 비지스의 'Holiday'가 울려 퍼지는 가운데 지강혁은 자신들을 둘러 싸고 있는 경찰과 매스컴을 향해 외친다. \"유전무죄, 무전유죄. 돈이 있으면 죄가 없고 돈이 없으면 죄가 된다...\"  강혁의 외침은 TV 등 매스컴을 통해 전국으로 울려 퍼지고, 강혁은 일당들과 함께 최후의 선택을 하게 되는데...",
    "createdAt": 1137596400000,
    "updatedAt": 1137596400000
  },
  {
    "id": 29,
    "title": "슈퍼스타 뚜루",
    "imgUrl": "https://learn-codeit-kr-static.s3.ap-northeast-2.amazonaws.com/react-02/film-reviews/2af5a745-9a08-4a0c-8858-f6ff3140bb93.jpg",
    "rating": 2,
    "content": "알을 낳지 못해 놀림당하던 암탉 ‘뚜루’! 하지만 마음씨 착한 ‘이사벨’ 할머니는 그런 ‘뚜루’에게  노래하는 재능이 있다는 사실을 알고 음악을 알려준다.  농장에서 함께 행복한 시간을 보내던 ‘뚜루’와 ‘이사벨’ 할머니! 그러던 어느 날 할머니가 지붕에서 떨어지는 사고를 당해 기억을 잃어버리게 되고 ‘뚜루’마저 알아보지 못한다.  할머니의 기억을 찾기 위해 ‘뚜루’는 서커스단에서  노래를 부르기 시작하고 뛰어난 실력에 단숨에 슈퍼스타가 된다. 하지만 욕심쟁이 단장 ‘트래블리’는 ‘뚜루’를 차지하기 위해 음모를 꾸미는데…",
    "createdAt": 1591196400000,
    "updatedAt": 1591196400000
  },
  {
    "id": 30,
    "title": "테넷",
    "imgUrl": "https://learn-codeit-kr-static.s3.ap-northeast-2.amazonaws.com/react-02/film-reviews/a3833ea5-5e60-4e9c-afb3-957cb30cb768.jpg",
    "rating": 3,
    "content": "시간의 흐름을 뒤집는 인버전을 통해 현재와 미래를 오가며 세상을 파괴하려는 사토르(케네스 브래너)를 막기 위해 투입된 작전의 주도자(존 데이비드 워싱턴). 인버전에 대한 정보를 가진 닐(로버트 패틴슨)과 미술품 감정사이자 사토르에 대한 복수심이 가득한 그의 아내 캣(엘리자베스 데비키)과 협력해 미래의 공격에 맞서 제3차 세계대전을 막아야 한다!",
    "createdAt": 1598367600000,
    "updatedAt": 1598367600000
  },
  {
    "id": 31,
    "title": "남과 여",
    "imgUrl": "https://learn-codeit-kr-static.s3.ap-northeast-2.amazonaws.com/react-02/film-reviews/8c0d1bee-e0ba-4a84-bcdc-1cce4a22350b.jpg",
    "rating": 3,
    "content": "핀란드의 하얀 설원 속 둘 만의 동행 ‘남과 여’ 헬싱키. 아이들의 국제학교에서 만난 상민(전도연)과 기홍(공유)은, 먼 북쪽의 캠프장을 향해 우연히 동행하게 된다.  폭설로 도로가 끊기고, 아무도 없는 하얀 숲 속의 오두막에서 둘은 깊이 안게 되고,  서로의 이름도 모른 채 헤어지게 된다.  일상을 파고든 뜨거운 끌림 '남과 여' 8개월 후, 서울. 핀란드에서의 시간을 설원이 보여 준 꿈이라 여기고  일상으로 돌아온 상민 앞에 거짓말처럼 기홍이 다시 나타나고  둘은 걷잡을 수 없는 끌림 속으로 빠져든다.",
    "createdAt": 1456326000000,
    "updatedAt": 1456326000000
  },
  {
    "id": 32,
    "title": "기도하는 남자",
    "imgUrl": "https://learn-codeit-kr-static.s3.ap-northeast-2.amazonaws.com/react-02/film-reviews/2c12da43-306a-4708-adff-081594785d68.jpg",
    "rating": 3,
    "content": "지독한 경제난 속에서 개척교회를 운영 중인 목사 ‘태욱’(박혁권)은 설상가상으로 아내 ‘정인’(류현경)으로부터 장모(남기애)의 수술비가 급히 필요하다는 이야기를 전해 듣는다.  극한의 상황 속에서 태욱과 정인은 각기 다른 선택의 기로에 놓이고, 믿음에 어긋나는 상상 속에서 그들은 처절하게 갈등하는데…  우리를 시험에 들게 하지 마시옵고, 다만 악에서 구하시옵소서",
    "createdAt": 1616511600000,
    "updatedAt": 1616511600000
  },
  {
    "id": 33,
    "title": "인비저블 라이프",
    "imgUrl": "https://learn-codeit-kr-static.s3.ap-northeast-2.amazonaws.com/react-02/film-reviews/02d4bada-1b1a-409c-ad0e-b006156fa0c6.jpg",
    "rating": 3,
    "content": "1950년, 브라질 리우데자네이루, 구스망 집안의 두 딸, 에우리디스와 귀다는 보수적인 아버지 밑에서 자란다. 아버지 마누엘의 엄격함에 지친 언니 귀다는 잘생긴 항해사와 사랑에 빠져 몰래 그리스로 달아난다. 피아니스트가 꿈인 여동생 에우리디스는 언니를 그리워하며 기다린다. 한편, 임신한 채로 홀로 돌아온 귀다를 아버지는 매몰차게 쫓아내고, 에우리디스는 언니가 돌아온 사실도 모른 채, 귀다의 행방을 찾는데……  언젠가 다시 만날 거라는 희망을 놓지 못하는 자매 이야기",
    "createdAt": 1592924400000,
    "updatedAt": 1592924400000
  },
  {
    "id": 34,
    "title": "강철비",
    "imgUrl": "https://learn-codeit-kr-static.s3.ap-northeast-2.amazonaws.com/react-02/film-reviews/9096049a-bc12-456e-ae08-08789ceaab69.jpg",
    "rating": 3,
    "content": "쿠데타 발생 직후 최정예요원 '엄철우'(정우성)는 치명상을 입은 북한 1호와 함께 남한으로 내려온다.  그 사이 북한은 대한민국과 미국을 상대로 선전포고를, 남한은 계엄령을 선포한다. 이때 북한 1호가 남한으로 내려왔다는 정보를 입수한 외교안보수석 '곽철우'(곽도원)는  전쟁을 막기 위해 이들에게 긴밀한 접근을 시도하는데....",
    "createdAt": 1513177200000,
    "updatedAt": 1513177200000
  },
  {
    "id": 35,
    "title": "내가 살인범이다",
    "imgUrl": "https://learn-codeit-kr-static.s3.ap-northeast-2.amazonaws.com/react-02/film-reviews/21edba04-42cd-4bad-8d77-d5add53ad84d.jpg",
    "rating": 3,
    "content": "15년 전, 세상을 떠들썩하게 만들었던 연곡 연쇄살인 사건. 하지만 이 사건은 끝내 범인을 잡지 못한 채 공소시효가 끝난다. 사건 담당 형사 최형구는 범인을 잡지 못한 죄책감과 자신의 얼굴에 끔찍한 상처를 남기고 사라진 범인에 대한 분노로 15년 간 하루도 편히 잠들지 못한다. 그리고 2년 후, 자신을 연쇄 살인사건의 범인이라고 밝힌 이두석이 ‘내가 살인범이다’라는 자서전을 출간하고, 이 책은 단숨에 베스트셀러가 된다. 미남형 외모와 수려한 말솜씨로 스타가 된 이두석. 최형구는 알려지지 않은 마지막 미해결 실종사건을 파헤쳐 세상이 용서한 이두석을 어떻게든 잡아넣으려 하는데…  법이 용서한 연쇄살인범  공소시효는 끝났지만, 사건은 아직 끝나지 않았다!",
    "createdAt": 1352300400000,
    "updatedAt": 1352300400000
  },
  {
    "id": 36,
    "title": "뮬란",
    "imgUrl": "https://learn-codeit-kr-static.s3.ap-northeast-2.amazonaws.com/react-02/film-reviews/003fb945-15b4-4515-9536-c606d99aef43.jpg",
    "rating": 2,
    "content": "무예에 남다른 재능을 지닌 ‘뮬란’은 좋은 집안과 인연을 맺어 가문을 빛내길 바라는 부모님의 뜻에 따라 본연의 모습을 억누르고 성장한다. 어느 날, 북쪽 오랑캐들이 침입하자 황제는 징집령을 내리고 ‘뮬란’은 아픈 아버지를 대신해 가족들 몰래 전장에 나가기로 결심한다.  여자라는 게 발각되면 목숨을 잃을 수도 있는 상황 속에서 ‘뮬란’은 타고난 용기와 지혜로 역경을 이겨내며 전사로 성장한다.  마침내 잔인무도한 적장 ‘보리 칸’과 마녀 ‘시아니앙’을 마주하게 된 ‘뮬란’. 그녀는 위험에 빠진 동료와 가족을 구하고 진정한 전사로 거듭날 수 있을 것인가",
    "createdAt": 1600268400000,
    "updatedAt": 1600268400000
  },
  {
    "id": 37,
    "title": "밤쉘: 세상을 바꾼 폭탄선언",
    "imgUrl": "https://learn-codeit-kr-static.s3.ap-northeast-2.amazonaws.com/react-02/film-reviews/bc5aaca8-e96f-4a9b-b4f2-f0554ade9048.jpg",
    "rating": 3,
    "content": "대선후보 토론회에서 트럼프와 설전을 벌인 폭스뉴스의 간판 앵커 메긴 켈리(샤를리즈 테론)는 트럼프의 계속되는 트위터 공격으로 화제의 중심에 선다. 한편, 동료 앵커인 그레천 칼슨(니콜 키드먼)은 ‘언론 권력의 제왕’이라 불리는 폭스뉴스 회장을 고소하고 이에 메긴은 물론, 야심 있는 폭스의 뉴페이스 케일라 포스피실(마고 로비) 역시 충격을 감추지 못하는데…   최대 권력을 날려버릴 폭탄선언 이제 이들의 통쾌하고 짜릿한 역전극이 시작된다!",
    "createdAt": 1594134000000,
    "updatedAt": 1594134000000
  },
  {
    "id": 38,
    "title": "소리꾼 디오리지널",
    "imgUrl": "https://learn-codeit-kr-static.s3.ap-northeast-2.amazonaws.com/react-02/film-reviews/3eb7b297-19c7-4e9b-870e-b7796c981d68.jpg",
    "rating": 2,
    "content": "영조 10년, 사라진 아내 간난을 찾아 나선 소리꾼 학규와 그의 딸 청이. 학규를 중심으로 뭉친 새로운 광대패들과 함께 흥과 한이 담긴 조선팔도의 여정이 시작된다. 가족을 찾기 위한 학규의 울림있는 외침 \"우리는 다시 만나야 한다!\"",
    "createdAt": 1625065200000,
    "updatedAt": 1625065200000
  },
  {
    "id": 39,
    "title": "좋아해줘",
    "imgUrl": "https://learn-codeit-kr-static.s3.ap-northeast-2.amazonaws.com/react-02/film-reviews/f7a0c239-33db-4de7-aaa7-61caed8228c7.jpg",
    "rating": 3,
    "content": "잘 나가는 작가와 더 잘 나가는 스타 사랑 잃은 노총각과 집 잃은 노처녀 연애 초짜 작곡가와 밀당 고수 PD 대책 없이 ‘좋아요’를 누르다가 진짜 좋아져버린 내 생애 가장 설레는 로맨스  2016년, 이제는 말하세요.  “좋아해줘.”",
    "createdAt": 1455634800000,
    "updatedAt": 1455634800000
  },
  {
    "id": 40,
    "title": "엔딩스 비기닝스",
    "imgUrl": "https://learn-codeit-kr-static.s3.ap-northeast-2.amazonaws.com/react-02/film-reviews/1ff16465-e913-4803-9148-94832e38ab89.jpg",
    "rating": 2,
    "content": "연.애.종.식.선.언! 운명이라 믿었던 남자와의 오랜 연애를 끝낸 ‘다프네’는 이별 후폭풍으로 No 연애, No 알콜과 함께 금욕 생활을 선언한다.  다정한 남자 VS 섹시한 남자 어느 날 그녀 앞에 나타난 두 남자 ‘잭’과 ‘프랭크’. ‘다프네’는 따뜻하게 다가와 안정감을 주는 ‘잭’에게 끌리면서도 섹시한 눈빛으로 자신을 바라보는 ‘프랭크’에게 흔들려버린다.  “사랑을 다시 시작하긴 두렵지만 외로운 건 싫어…” 사랑이 실패할까 두려운 ‘다프네’와 그녀에게 직진하는 두 남자. ‘다프네’는 두 사람을 알아가보기로 결심하는데…  두 가지 색 리얼 현실 로맨스가 시작된다!",
    "createdAt": 1592924400000,
    "updatedAt": 1592924400000
  },
  {
    "id": 41,
    "title": "화차",
    "imgUrl": "https://learn-codeit-kr-static.s3.ap-northeast-2.amazonaws.com/react-02/film-reviews/c57e10d0-561d-4906-889a-4779f8ef8543.jpg",
    "rating": 3,
    "content": "결혼 한 달 전, 부모님 댁에 내려가던 중 휴게소에 들른 문호와 선영. 커피를 사러 갔다 온 문호를 기다리고 있는 건 문이 열린 채 공회전 중인 차 뿐이다. 꺼져있는 휴대폰, 흔적도 없이 그녀가 사라졌다. 그녀를 찾기 위해 전직 강력계 형사인 사촌 형 종근에게 도움을 청한 문호. 하지만 가족도 친구도 없는 그녀의 모든 것은 가짜다. 실종 당일, 은행잔고를 모두 인출하고 살던 집의 지문까지 지워버린 선영의 범상치 않은 행적에 단순 실종사건이 아님을 직감하는 종근은 그녀가 살인사건과 연관되어 있음을 알아낸다. 그녀는 과연 누구였을까? 그녀의 정체에 다가갈수록 점점 더 충격적인 진실들이 밝혀지기 시작 하는데…",
    "createdAt": 1331132400000,
    "updatedAt": 1331132400000
  },
  {
    "id": 42,
    "title": "8인: 최후의 결사단",
    "imgUrl": "https://learn-codeit-kr-static.s3.ap-northeast-2.amazonaws.com/react-02/film-reviews/7723eb40-1259-4d06-bf45-f68333fbdae9.jpg",
    "rating": 2,
    "content": "1906년 10월 15일, 비바람이 몰아치는 혼돈의 땅 홍콩. 동맹회 13성의 대표와 만나 혁명을 위한 봉기를 계획하기 위해 영웅 ‘쑨원’이 도착한다. 하지만 그를 암살하려는 수백 명의 자객들이 잠입하고, 흩어져 살던 8인의 숨은 고수는 스스로 표적이 되어 영웅을 지키려 한다. 혁명을 도모하기 위한 1시간, 끝없이 등장하는 암살자들로부터 영웅을 구하려는 8인의 목숨 건 사투가 시작된다.",
    "createdAt": 1592406000000,
    "updatedAt": 1592406000000
  },
  {
    "id": 43,
    "title": "국도극장",
    "imgUrl": "https://learn-codeit-kr-static.s3.ap-northeast-2.amazonaws.com/react-02/film-reviews/4ff26fcb-831a-48d8-9e85-22b7e86e0910.jpg",
    "rating": 3,
    "content": "만년 고시생 기태가 고향 벌교로 돌아왔다. 사법고시가 폐지되어 고시생이라는 그 서글픈 타이틀마저 이제는 쓸 수 없게 되었다. 유배지로 향하듯 돌아온 고향엔 그다지 반가운 사람도, 반겨주는 사람도 없다. 생계를 위해 낡은 재개봉 영화관 ‘국도극장’에서 일을 시작하는 기태. 간판장이 겸 극장 관리인 오 씨는 ‘급하시다 해서 잠깐 도와주러’ 왔다는 기태가 못마땅하다.  우연히 만나게 된 동창생이자 가수 지망생 영은은 기태와 달리 24시간을 쪼개 쓰며 여러 일을 전전하고, 밤낮없이 술에 취해 있는 오 씨는 기태의 말동무가 되어준다. 자식들을 위해 몸 아픈 것도 돌보지 않는 엄마는 여전히 안쓰럽다. 기태는 왠지 이 사람들과, 다시 돌아온 고향이 싫지만은 않다.  괜찮아요. 나의 지금이 그리 영화 같진 않더라도.",
    "createdAt": 1590678000000,
    "updatedAt": 1590678000000
  }
]
