[
  {
    "cancelYn": "N",
    "createdAt": 1723599879130,
    "products": [
      {
        "id": 6,
        "title": "Solid Gold Petite Micropave ",
        "price": 168,
        "description": "Satisfaction Guaranteed. Return or exchange any order within 30 days.Designed and sold by Hafeez Center in the United States. Satisfaction Guaranteed. Return or exchange any order within 30 days.",
        "category": "jewelry",
        "image": "https://firebasestorage.googleapis.com/v0/b/shop-app-c8539.appspot.com/o/products%2F%EC%9D%80%ED%8C%94%EC%B0%8C%ED%81%90%EB%B9%85.jpg?alt=media&token=21ecb7a1-d22c-4e82-bd89-0081e4b4fc04",
        "rating": {
          "rate": 3.9,
          "count": 70
        },
        "quantity": 1,
        "total": 168
      },
      {
        "id": 7,
        "title": "White Gold Plated Princess",
        "price": 9.99,
        "description": "Classic Created Wedding Engagement Solitaire Diamond Promise Ring for Her. Gifts to spoil your love more for Engagement, Wedding, Anniversary, Valentine's Day...",
        "category": "jewelry",
        "image": "https://fakestoreapi.com/img/71YAIFU48IL._AC_UL640_QL65_ML3_.jpg",
        "rating": {
          "rate": 3,
          "count": 400
        },
        "quantity": 1,
        "total": 9.99
      }
    ],
    "totalPrice": 177.99,
    "updatedAt": 1723599879130
  },
  {
    "cancelYn": "N",
    "createdAt": 1723600031294,
    "products": [
      {
        "id": 9,
        "title": "WD 2TB Elements Portable External Hard Drive - USB 3.0 ",
        "price": 64,
        "description": "USB 3.0 and USB 2.0 Compatibility Fast data transfers Improve PC Performance High Capacity; Compatibility Formatted NTFS for Windows 10, Windows 8.1, Windows 7; Reformatting may be required for other operating systems; Compatibility may vary depending on user’s hardware configuration and operating system",
        "category": "electronics",
        "image": "https://firebasestorage.googleapis.com/v0/b/shop-app-c8539.appspot.com/o/products%2F2TB%EC%99%B8%EC%9E%A5%ED%95%98%EB%93%9C.jpg?alt=media&token=0b50be99-78cd-42d9-b056-14b40d9c351b",
        "rating": {
          "rate": 3.3,
          "count": 203
        },
        "quantity": 1,
        "total": 64
      }
    ],
    "totalPrice": 64,
    "updatedAt": 1723600031294
  }
]
