[
  {
    "title": "특정 인덱스에 있는 컴포넌트만 바꾸기",
    "content": "제가 커뮤니티 사이트를 개발하는 중인데 일부 글만 다르게 컴포넌트를 렌더링해주고 싶습니다 (예를들면 짝수 번째만 다른 걸 보여준다던지 한다는 거요) 어떻게 하나요?",
    "answers": [
      {
        "createdAt": "2021-10-14T16:34:20.477Z",
        "updatedAt": "2021-10-14T16:34:20.477Z",
        "content": "뒤에서 배우실 건데요.. map 함수 콜백에서 리턴할 때 조건문으로 다르게 리턴하시면 됩니당. 저도 그런 식으로 했었어여",
        "writer": {
          "name": "잭 도시",
          "profile": {
            "photo": "https://upload.wikimedia.org/wikipedia/commons/thumb/7/78/Jack_Dorsey_2014_%28cropped%29.jpg/440px-Jack_Dorsey_2014_%28cropped%29.jpg"
          },
          "level": "UNIVERSE"
        },
        "id": "CuN8x9cWKR"
      }
    ],
    "createdAt": "2021-10-14T12:42:25.27Z",
    "updatedAt": "2021-10-14T16:34:20.478Z",
    "writer": {
      "name": "아론 슈워츠",
      "profile": {
        "photo": "https://upload.wikimedia.org/wikipedia/commons/thumb/0/06/Aaron_Swartz_profile.jpg/440px-Aaron_Swartz_profile.jpg"
      },
      "level": "EARTH"
    }
  },
  {
    "title": "정말 기초적인 자바 질문인데.. 이해하는데 어려움이 있어 질문 드리겠습니다",
    "content": "직각 이등변 삼각형을 출력하기 위해서는, 반복문 내에 반복문을 써야 한다는데 정확히 어떤 것을 의미하는 건가요?",
    "answers": [
      {
        "createdAt": "2021-10-15T08:26:45.875Z",
        "updatedAt": "2021-10-15T08:26:45.875Z",
        "content": "반복을 하는 도중에 반복을 한다고 생각합니다. 예를 들자면 전단지에서 목차가 없는데 중국집을 찾고 싶으면 책장을 넘기는것과 가게가 중국집인지 확인하는것을 반복하잖아요? 그런데 반복문안에 반복문을 넣는다는건 책장을 넘기고 가게가 중국집인지 확인하고 다음장을 넘기고 중국집인지 확인하는겁니다. 반복문안에 반복문을 안넣으면 책장을 넘기고 넘기고 또 넘기고 다 넘기고 난 후에 가게가 중국집인지 확인하고 확인하고 또 확인하는 것 입니다. 저도 정확히 초보라 다른 분들의 설명이있었으면 좋겠네요.",
        "writer": {
          "name": "신속배달",
          "profile": { "photo": "/imgs/person.png" },
          "level": "STONE"
        },
        "id": "aE6CnXYTzj"
      }
    ],
    "like": null,
    "likeCount": 0,
    "totalLikeCount": 0,
    "createdAt": "2021-10-15T07:55:04.808Z",
    "updatedAt": "2021-10-15T08:26:45.88Z",
    "writer": {
      "name": "자바칩 프라푸치노",
      "profile": { "photo": "/imgs/person.png" },
      "level": "STONE"
    }
  },
  {
    "title": "리액트 질문입니다",
    "content": "Context라는 걸 쓰는 이유가 뭔가요?",
    "answers": [],
    "createdAt": "2021-10-15T04:57:48.152Z",
    "updatedAt": "2021-10-15T04:57:48.467Z",
    "writer": {
      "name": "세르게이",
      "profile": {
        "photo": "https://upload.wikimedia.org/wikipedia/commons/thumb/a/a2/Sergey_Brin_cropped.jpg/440px-Sergey_Brin_cropped.jpg"
      },
      "level": "STONE"
    }
  },
  {
    "title": "오류는 안나지만 원하는 대로 렌더링되지 않아요. 무엇이 잘못 되었을까요?",
    "status": "PUBLISHED",
    "content": "items.map((item) => ListItem) 이런식으로 렌더링하면 안 되나요? 넘 어렵네여;;",
    "answers": [],
    "createdAt": "2021-10-15T04:28:53.677Z",
    "updatedAt": "2021-10-15T05:54:27.711Z",
    "writer": {
      "name": "폴 그레이엄",
      "profile": {
        "photo": "https://upload.wikimedia.org/wikipedia/commons/e/e3/Paulgraham_240x320.jpg"
      },
      "level": "NEW"
    }
  },
  {
    "title": "리액트 설치가 되지 않습니다.",
    "content": "노드 설치 파일은 다운로드했는데 실행하니까 멈춰서 진행되지 않는데 ... 혹시 최소사양 같은게 있나요?",
    "answers": [
      {
        "createdAt": "2021-10-15T04:11:04.43Z",
        "updatedAt": "2021-10-15T04:11:04.43Z",
        "content": "혹시 현재 사용 중인 윈도우즈에 맞는 버전으로 까셨나요?",
        "writer": {
          "name": "Ryan Dahl",
          "profile": {
            "photo": "https://upload.wikimedia.org/wikipedia/commons/thumb/b/b2/Ryan_Dahl.jpg/1024px-Ryan_Dahl.jpg"
          },
          "level": "UNIVERSE"
        },
        "id": "Jr2Z0jnnQm"
      }
    ],
    "createdAt": "2021-10-15T04:03:36.549Z",
    "updatedAt": "2021-10-15T04:11:04.432Z",
    "writer": {
      "name": "조던 워크",
      "profile": { "photo": "/imgs/person.png" },
      "level": "NEW"
    }
  },
  {
    "title": "제가 이해한 게 맞는 건가요???",
    "content": "그니까 f`(x,y) = 2x + 4y인 거고,예를 들어 (x,y) = (1,3)인 지점에서의 기울기는y를 3에 고정시킨 경우 f`(x, 3)이며 x의 기울기는 2x를 1에 고정시킨 경우 f`(1, y)이며 y의 기울기는 12따라서 한 좌표점에 대해 기울기는 x에 대한 기울기, y에 대한 기울기 이렇게 2개가 나온다이게 맞을까요?",
    "answers": [],
    "createdAt": "2021-10-15T01:56:19.018Z",
    "updatedAt": "2021-10-15T08:28:42.989Z",
    "writer": {
      "name": "앨런 튜링",
      "profile": { "photo": "/imgs/person.png" },
      "level": "SUN"
    }
  },
  {
    "title": "마지막 조건에서 elif 말고 else",
    "content": "문제에서 마지막에 else: print(\"F\")말고, 저는 elif total 60: print(\"F\")로 했는데 오류가 뜨네요. 왜 그런 건가요? 마지막 조건문까지 온거면 전부 60점 미만이라는 건데, 그러면 elif total 60:에 해당하는 모든 경우에 대해 True 여서 상관 없지 않나요?",
    "answers": [
      {
        "createdAt": "2021-10-15T04:12:21.523Z",
        "updatedAt": "2021-10-15T04:12:21.523Z",
        "content": "elif total 60 만 봐서는 틀린게 없는 거 같아요. 전체 코드를 답변으로 올려주시면 확인 해볼게요!",
        "writer": {
          "name": "파이소닉",
          "profile": { "photo": "/imgs/person.png" },
          "level": "UNIVERSE"
        },
        "id": "1aOaXCLtar"
      }
    ],
    "createdAt": "2021-10-15T00:04:21.247Z",
    "updatedAt": "2021-10-15T04:12:21.525Z",
    "writer": {
      "name": "파이썬 초보",
      "profile": {
        "photo": "https://upload.wikimedia.org/wikipedia/commons/thumb/9/94/Guido_van_Rossum_OSCON_2006_cropped.png/300px-Guido_van_Rossum_OSCON_2006_cropped.png"
      },
      "level": "NEW"
    }
  },
  {
    "title": "스테이트 초기화하는 방법",
    "content": "초기값으로 스테이트 값을 바꾸려면 어떻게 해야하나요??",
    "answers": [
      {
        "createdAt": "2021-10-15T04:15:29.513Z",
        "updatedAt": "2021-10-15T04:15:29.513Z",
        "content": "세터 함수를 사용하셔서 원하는 값으로 스테이트를 바꿀 수 있는데요, 초기값으로 세터 함수를 실행하면 됩니당.",
        "writer": {
          "name": "호랑이",
          "profile": { "photo": "/imgs/person.png" },
          "level": "UNIVERSE"
        },
        "id": "JQk6tz8JdJ"
      }
    ],
    "createdAt": "2021-10-14T18:34:02.059Z",
    "updatedAt": "2021-10-15T06:26:50.477Z",
    "writer": {
      "name": "리액트 초보",
      "profile": { "photo": "/imgs/person.png" },
      "level": "STONE"
    }
  },
  {
    "title": "터미널 오류",
    "content": "ENOENT: no such file or directory 라는 오류가 나요",
    "answers": [
      {
        "createdAt": "2021-10-15T04:32:30.64Z",
        "updatedAt": "2021-10-15T04:32:30.64Z",
        "content": "혹시 올바른 폴더에서 npm start를 하신 건지 확인해보세요!!",
        "writer": {
          "name": "Ryan Dahl",
          "profile": {
            "photo": "https://upload.wikimedia.org/wikipedia/commons/thumb/b/b2/Ryan_Dahl.jpg/1024px-Ryan_Dahl.jpg"
          },
          "level": "UNIVERSE"
        },
        "id": "LX5e5LuMms"
      }
    ],
    "createdAt": "2021-10-14T16:55:46.394Z",
    "updatedAt": "2021-10-15T06:47:48.12Z",
    "writer": {
      "name": "Soy Fried Chicken",
      "profile": { "photo": "/imgs/person.png" },
      "level": "SUN"
    }
  },
  {
    "title": "어디가 잘못 된걸까요?",
    "content": "useContext() 를 실행해도 컨텍스트 값이 안 나와요",
    "answers": [
      {
        "createdAt": "2021-10-14T13:29:56.575Z",
        "updatedAt": "2021-10-14T13:29:56.575Z",
        "content": "아규먼트로 만드신 컨텍스트를 넣어보세요! 아마 컨텍스트를 지정해주지 않아서 그런 것 같습니다.",
        "writer": {
          "name": "호랑이",
          "profile": { "photo": "/imgs/person.png" },
          "level": "UNIVERSE"
        },
        "id": "1eEedACi4K"
      }
    ],
    "createdAt": "2021-10-14T13:05:02.287Z",
    "updatedAt": "2021-10-15T04:00:29.582Z",
    "writer": {
      "name": "로드스터",
      "profile": { "photo": "/imgs/person.png" },
      "level": "ROCK"
    }
  }
]
