[
  {
    "id": 1,
    "imgUrl": "https://firebasestorage.googleapis.com/v0/b/moviepedia-c1462.appspot.com/o/food%2F%EC%8C%80%EB%B0%A5.png?alt=media&token=cb54b874-d0a3-49c0-9114-7243b1908f3a",
    "title": "쌀밥",
    "content": "1공기(210g)",
    "createdAt": 1625340973562,
    "updatedAt": 1625340973562,
    "calorie": 300
  },
  {
    "id": 2,
    "imgUrl": "https://firebasestorage.googleapis.com/v0/b/moviepedia-c1462.appspot.com/o/food%2F%EC%82%B6%EC%9D%80%EB%8B%AC%EA%B1%80.png?alt=media&token=8df87160-97e1-4c15-a492-0a9d98d75cd3",
    "title": "삶은 달걀",
    "content": "1개(50g)",
    "createdAt": 1625184428289,
    "updatedAt": 1625184428289,
    "calorie": 68
  },
  {
    "id": 3,
    "imgUrl": "https://firebasestorage.googleapis.com/v0/b/moviepedia-c1462.appspot.com/o/food%2F%EB%B0%A9%EC%9A%B8%ED%86%A0%EB%A7%88%ED%86%A0.png?alt=media&token=ee0ed403-a8de-445e-aec3-67ed26c0c933",
    "title": "방울토마토",
    "content": "1개(13g)",
    "createdAt": 1625330203116,
    "updatedAt": 1625330203116,
    "calorie": 2
  },
  {
    "id": 4,
    "imgUrl": "https://firebasestorage.googleapis.com/v0/b/moviepedia-c1462.appspot.com/o/food%2F%EA%B3%84%EB%9E%80%ED%9B%84%EB%9D%BC%EC%9D%B4.png?alt=media&token=cd2a96d7-240a-4793-bded-9c5a77154ae2",
    "title": "계란프라이",
    "content": "1개(46g)",
    "createdAt": 1625028045602,
    "updatedAt": 1625028045602,
    "calorie": 89
  },
  {
    "id": 5,
    "imgUrl": "https://firebasestorage.googleapis.com/v0/b/moviepedia-c1462.appspot.com/o/food%2F%EC%88%98%EB%B0%95.png?alt=media&token=22ab3d84-24aa-475d-a1ee-9a712e27ddd3",
    "title": "수박",
    "content": "1회(100g)",
    "createdAt": 1625308116667,
    "updatedAt": 1625308116667,
    "calorie": 36
  },
  {
    "id": 6,
    "imgUrl": "https://firebasestorage.googleapis.com/v0/b/moviepedia-c1462.appspot.com/o/food%2F%EB%B0%94%EB%82%98%EB%82%98.png?alt=media&token=627c1345-33d7-4530-b282-3a00cd181b62",
    "title": "바나나",
    "content": "1개(100g)",
    "createdAt": 1624613250969,
    "updatedAt": 1624613250969,
    "calorie": 93
  },
  {
    "id": 7,
    "imgUrl": "https://firebasestorage.googleapis.com/v0/b/moviepedia-c1462.appspot.com/o/food%2F%EA%B9%80%EC%B9%98.png?alt=media&token=799292dc-00fb-43f9-981f-f5432f6ee7ce",
    "title": "배추김치",
    "content": "1소접시(100g)",
    "createdAt": 1624889538305,
    "updatedAt": 1624889538305,
    "calorie": 25
  },
  {
    "id": 8,
    "imgUrl": "https://firebasestorage.googleapis.com/v0/b/moviepedia-c1462.appspot.com/o/food%2F%EC%9E%A1%EA%B3%A1%EB%B0%A5.png?alt=media&token=bc1c64a2-6cc2-47fe-877a-c36ff058d047",
    "title": "잡곡밥",
    "content": "1공기(200g)",
    "createdAt": 1625233200164,
    "updatedAt": 1625233200164,
    "calorie": 292.6
  },
  {
    "id": 9,
    "imgUrl": "https://firebasestorage.googleapis.com/v0/b/moviepedia-c1462.appspot.com/o/food%2F%ED%98%84%EB%AF%B8%EB%B0%A5.png?alt=media&token=9c308621-8e7a-4ccb-9076-d3a1f933e872",
    "title": "현미밥",
    "content": "1공기(210g)",
    "createdAt": 1624998701293,
    "updatedAt": 1624998701293,
    "calorie": 321
  },
  {
    "id": 10,
    "imgUrl": "https://firebasestorage.googleapis.com/v0/b/moviepedia-c1462.appspot.com/o/food%2F%EC%82%AC%EA%B3%BC.png?alt=media&token=48f1682c-81f5-416c-b029-0d17ecdcbb23",
    "title": "사과",
    "content": "1회(100g)",
    "createdAt": 1624685150667,
    "updatedAt": 1624685150667,
    "calorie": 57
  },
  {
    "id": 11,
    "imgUrl": "https://firebasestorage.googleapis.com/v0/b/moviepedia-c1462.appspot.com/o/food%2F%EC%95%84%EB%AA%AC%EB%93%9C.png?alt=media&token=44306f23-1ed8-4ae9-8da6-30d115ab92ea",
    "title": "아몬드",
    "content": "1개(1g)",
    "createdAt": 1625334567466,
    "updatedAt": 1625334567466,
    "calorie": 7
  },
  {
    "id": 12,
    "imgUrl": "https://firebasestorage.googleapis.com/v0/b/moviepedia-c1462.appspot.com/o/food%2F%ED%86%A0%EB%A7%88%ED%86%A0.png?alt=media&token=51a11fba-1c40-4b70-a2ff-47da41c08b19",
    "title": "토마토 (중간크기)",
    "content": "1개(100g)",
    "createdAt": 1624725579386,
    "updatedAt": 1624725579386,
    "calorie": 14
  },
  {
    "id": 13,
    "imgUrl": "https://firebasestorage.googleapis.com/v0/b/moviepedia-c1462.appspot.com/o/food%2F%EC%95%84%EB%A9%94%EB%A6%AC%EC%B9%B4%EB%85%B8.png?alt=media&token=7d834848-f269-49d0-a8fb-8339e85b2f59",
    "title": "아메리카노",
    "content": "1잔(240ml)",
    "createdAt": 1625138235656,
    "updatedAt": 1625138235656,
    "calorie": 4
  },
  {
    "id": 14,
    "imgUrl": "https://firebasestorage.googleapis.com/v0/b/moviepedia-c1462.appspot.com/o/food%2F%EC%98%A4%EC%9D%B4.png?alt=media&token=8cf515ea-eed1-4899-a6a2-eac81e19cc6f",
    "title": "오이",
    "content": "1개(210g)",
    "createdAt": 1624881277160,
    "updatedAt": 1624881277160,
    "calorie": 19
  },
  {
    "id": 15,
    "imgUrl": "https://firebasestorage.googleapis.com/v0/b/moviepedia-c1462.appspot.com/o/food%2F%EC%9E%90%EB%91%90.png?alt=media&token=350dd1c8-ac09-4a1c-819d-cd60b2a55e63",
    "title": "자두",
    "content": "1회(100g)",
    "createdAt": 1625433571061,
    "updatedAt": 1625433571061,
    "calorie": 25
  }
]
